start_time;end_time;input_tokens;output_tokens;num_model_requests;project_id;user_id;api_key_id;model;batch;service_tier;input_cached_tokens;input_uncached_tokens;input_audio_tokens;output_audio_tokens
1747353600;1747353660;;;;;;;;;;;;;
1747353660;1747353720;;;;;;;;;;;;;
1747353720;1747353780;;;;;;;;;;;;;
1747353780;1747353840;;;;;;;;;;;;;
1747353840;1747353900;;;;;;;;;;;;;
1747353900;1747353960;;;;;;;;;;;;;
1747353960;1747354020;;;;;;;;;;;;;
1747354020;1747354080;;;;;;;;;;;;;
1747354080;1747354140;;;;;;;;;;;;;
1747354140;1747354200;;;;;;;;;;;;;
1747354200;1747354260;;;;;;;;;;;;;
1747354260;1747354320;;;;;;;;;;;;;
1747354320;1747354380;;;;;;;;;;;;;
1747354380;1747354440;;;;;;;;;;;;;
1747354440;1747354500;;;;;;;;;;;;;
1747354500;1747354560;;;;;;;;;;;;;
1747354560;1747354620;;;;;;;;;;;;;
1747354620;1747354680;;;;;;;;;;;;;
1747354680;1747354740;;;;;;;;;;;;;
1747354740;1747354800;;;;;;;;;;;;;
1747354800;1747354860;;;;;;;;;;;;;
1747354860;1747354920;;;;;;;;;;;;;
1747354920;1747354980;;;;;;;;;;;;;
1747354980;1747355040;;;;;;;;;;;;;
1747355040;1747355100;;;;;;;;;;;;;
1747355100;1747355160;;;;;;;;;;;;;
1747355160;1747355220;;;;;;;;;;;;;
1747355220;1747355280;;;;;;;;;;;;;
1747355280;1747355340;;;;;;;;;;;;;
1747355340;1747355400;;;;;;;;;;;;;
1747355400;1747355460;;;;;;;;;;;;;
1747355460;1747355520;;;;;;;;;;;;;
1747355520;1747355580;;;;;;;;;;;;;
1747355580;1747355640;;;;;;;;;;;;;
1747355640;1747355700;;;;;;;;;;;;;
1747355700;1747355760;;;;;;;;;;;;;
1747355760;1747355820;;;;;;;;;;;;;
1747355820;1747355880;;;;;;;;;;;;;
1747355880;1747355940;;;;;;;;;;;;;
1747355940;1747356000;;;;;;;;;;;;;
1747356000;1747356060;;;;;;;;;;;;;
1747356060;1747356120;;;;;;;;;;;;;
1747356120;1747356180;;;;;;;;;;;;;
1747356180;1747356240;;;;;;;;;;;;;
1747356240;1747356300;;;;;;;;;;;;;
1747356300;1747356360;;;;;;;;;;;;;
1747356360;1747356420;;;;;;;;;;;;;
1747356420;1747356480;;;;;;;;;;;;;
1747356480;1747356540;;;;;;;;;;;;;
1747356540;1747356600;;;;;;;;;;;;;
1747356600;1747356660;;;;;;;;;;;;;
1747356660;1747356720;;;;;;;;;;;;;
1747356720;1747356780;;;;;;;;;;;;;
1747356780;1747356840;;;;;;;;;;;;;
1747356840;1747356900;;;;;;;;;;;;;
1747356900;1747356960;;;;;;;;;;;;;
1747356960;1747357020;;;;;;;;;;;;;
1747357020;1747357080;;;;;;;;;;;;;
1747357080;1747357140;;;;;;;;;;;;;
1747357140;1747357200;;;;;;;;;;;;;
1747357200;1747357260;;;;;;;;;;;;;
1747357260;1747357320;;;;;;;;;;;;;
1747357320;1747357380;;;;;;;;;;;;;
1747357380;1747357440;;;;;;;;;;;;;
1747357440;1747357500;;;;;;;;;;;;;
1747357500;1747357560;;;;;;;;;;;;;
1747357560;1747357620;;;;;;;;;;;;;
1747357620;1747357680;;;;;;;;;;;;;
1747357680;1747357740;;;;;;;;;;;;;
1747357740;1747357800;;;;;;;;;;;;;
1747357800;1747357860;;;;;;;;;;;;;
1747357860;1747357920;;;;;;;;;;;;;
1747357920;1747357980;;;;;;;;;;;;;
1747357980;1747358040;;;;;;;;;;;;;
1747358040;1747358100;;;;;;;;;;;;;
1747358100;1747358160;;;;;;;;;;;;;
1747358160;1747358220;;;;;;;;;;;;;
1747358220;1747358280;;;;;;;;;;;;;
1747358280;1747358340;;;;;;;;;;;;;
1747358340;1747358400;;;;;;;;;;;;;
1747358400;1747358460;;;;;;;;;;;;;
1747358460;1747358520;;;;;;;;;;;;;
1747358520;1747358580;;;;;;;;;;;;;
1747358580;1747358640;;;;;;;;;;;;;
1747358640;1747358700;;;;;;;;;;;;;
1747358700;1747358760;;;;;;;;;;;;;
1747358760;1747358820;;;;;;;;;;;;;
1747358820;1747358880;;;;;;;;;;;;;
1747358880;1747358940;;;;;;;;;;;;;
1747358940;1747359000;;;;;;;;;;;;;
1747359000;1747359060;;;;;;;;;;;;;
1747359060;1747359120;;;;;;;;;;;;;
1747359120;1747359180;;;;;;;;;;;;;
1747359180;1747359240;;;;;;;;;;;;;
1747359240;1747359300;;;;;;;;;;;;;
1747359300;1747359360;;;;;;;;;;;;;
1747359360;1747359420;;;;;;;;;;;;;
1747359420;1747359480;;;;;;;;;;;;;
1747359480;1747359540;;;;;;;;;;;;;
1747359540;1747359600;;;;;;;;;;;;;
1747359600;1747359660;;;;;;;;;;;;;
1747359660;1747359720;;;;;;;;;;;;;
1747359720;1747359780;;;;;;;;;;;;;
1747359780;1747359840;;;;;;;;;;;;;
1747359840;1747359900;;;;;;;;;;;;;
1747359900;1747359960;;;;;;;;;;;;;
1747359960;1747360020;;;;;;;;;;;;;
1747360020;1747360080;;;;;;;;;;;;;
1747360080;1747360140;;;;;;;;;;;;;
1747360140;1747360200;;;;;;;;;;;;;
1747360200;1747360260;;;;;;;;;;;;;
1747360260;1747360320;;;;;;;;;;;;;
1747360320;1747360380;;;;;;;;;;;;;
1747360380;1747360440;;;;;;;;;;;;;
1747360440;1747360500;;;;;;;;;;;;;
1747360500;1747360560;;;;;;;;;;;;;
1747360560;1747360620;;;;;;;;;;;;;
1747360620;1747360680;;;;;;;;;;;;;
1747360680;1747360740;;;;;;;;;;;;;
1747360740;1747360800;;;;;;;;;;;;;
1747360800;1747360860;;;;;;;;;;;;;
1747360860;1747360920;;;;;;;;;;;;;
1747360920;1747360980;;;;;;;;;;;;;
1747360980;1747361040;;;;;;;;;;;;;
1747361040;1747361100;;;;;;;;;;;;;
1747361100;1747361160;;;;;;;;;;;;;
1747361160;1747361220;;;;;;;;;;;;;
1747361220;1747361280;;;;;;;;;;;;;
1747361280;1747361340;;;;;;;;;;;;;
1747361340;1747361400;;;;;;;;;;;;;
1747361400;1747361460;;;;;;;;;;;;;
1747361460;1747361520;;;;;;;;;;;;;
1747361520;1747361580;;;;;;;;;;;;;
1747361580;1747361640;;;;;;;;;;;;;
1747361640;1747361700;;;;;;;;;;;;;
1747361700;1747361760;;;;;;;;;;;;;
1747361760;1747361820;;;;;;;;;;;;;
1747361820;1747361880;;;;;;;;;;;;;
1747361880;1747361940;;;;;;;;;;;;;
1747361940;1747362000;;;;;;;;;;;;;
1747362000;1747362060;;;;;;;;;;;;;
1747362060;1747362120;;;;;;;;;;;;;
1747362120;1747362180;;;;;;;;;;;;;
1747362180;1747362240;;;;;;;;;;;;;
1747362240;1747362300;;;;;;;;;;;;;
1747362300;1747362360;;;;;;;;;;;;;
1747362360;1747362420;;;;;;;;;;;;;
1747362420;1747362480;;;;;;;;;;;;;
1747362480;1747362540;;;;;;;;;;;;;
1747362540;1747362600;;;;;;;;;;;;;
1747362600;1747362660;;;;;;;;;;;;;
1747362660;1747362720;;;;;;;;;;;;;
1747362720;1747362780;;;;;;;;;;;;;
1747362780;1747362840;;;;;;;;;;;;;
1747362840;1747362900;;;;;;;;;;;;;
1747362900;1747362960;;;;;;;;;;;;;
1747362960;1747363020;;;;;;;;;;;;;
1747363020;1747363080;;;;;;;;;;;;;
1747363080;1747363140;;;;;;;;;;;;;
1747363140;1747363200;;;;;;;;;;;;;
1747363200;1747363260;;;;;;;;;;;;;
1747363260;1747363320;;;;;;;;;;;;;
1747363320;1747363380;;;;;;;;;;;;;
1747363380;1747363440;;;;;;;;;;;;;
1747363440;1747363500;;;;;;;;;;;;;
1747363500;1747363560;;;;;;;;;;;;;
1747363560;1747363620;;;;;;;;;;;;;
1747363620;1747363680;;;;;;;;;;;;;
1747363680;1747363740;;;;;;;;;;;;;
1747363740;1747363800;;;;;;;;;;;;;
1747363800;1747363860;;;;;;;;;;;;;
1747363860;1747363920;;;;;;;;;;;;;
1747363920;1747363980;;;;;;;;;;;;;
1747363980;1747364040;;;;;;;;;;;;;
1747364040;1747364100;;;;;;;;;;;;;
1747364100;1747364160;;;;;;;;;;;;;
1747364160;1747364220;;;;;;;;;;;;;
1747364220;1747364280;;;;;;;;;;;;;
1747364280;1747364340;;;;;;;;;;;;;
1747364340;1747364400;;;;;;;;;;;;;
1747364400;1747364460;;;;;;;;;;;;;
1747364460;1747364520;;;;;;;;;;;;;
1747364520;1747364580;;;;;;;;;;;;;
1747364580;1747364640;;;;;;;;;;;;;
1747364640;1747364700;;;;;;;;;;;;;
1747364700;1747364760;;;;;;;;;;;;;
1747364760;1747364820;;;;;;;;;;;;;
1747364820;1747364880;;;;;;;;;;;;;
1747364880;1747364940;;;;;;;;;;;;;
1747364940;1747365000;;;;;;;;;;;;;
1747365000;1747365060;;;;;;;;;;;;;
1747365060;1747365120;;;;;;;;;;;;;
1747365120;1747365180;;;;;;;;;;;;;
1747365180;1747365240;;;;;;;;;;;;;
1747365240;1747365300;;;;;;;;;;;;;
1747365300;1747365360;;;;;;;;;;;;;
1747365360;1747365420;;;;;;;;;;;;;
1747365420;1747365480;;;;;;;;;;;;;
1747365480;1747365540;;;;;;;;;;;;;
1747365540;1747365600;;;;;;;;;;;;;
1747365600;1747365660;;;;;;;;;;;;;
1747365660;1747365720;;;;;;;;;;;;;
1747365720;1747365780;;;;;;;;;;;;;
1747365780;1747365840;;;;;;;;;;;;;
1747365840;1747365900;;;;;;;;;;;;;
1747365900;1747365960;;;;;;;;;;;;;
1747365960;1747366020;;;;;;;;;;;;;
1747366020;1747366080;;;;;;;;;;;;;
1747366080;1747366140;;;;;;;;;;;;;
1747366140;1747366200;;;;;;;;;;;;;
1747366200;1747366260;;;;;;;;;;;;;
1747366260;1747366320;;;;;;;;;;;;;
1747366320;1747366380;;;;;;;;;;;;;
1747366380;1747366440;;;;;;;;;;;;;
1747366440;1747366500;;;;;;;;;;;;;
1747366500;1747366560;;;;;;;;;;;;;
1747366560;1747366620;;;;;;;;;;;;;
1747366620;1747366680;;;;;;;;;;;;;
1747366680;1747366740;;;;;;;;;;;;;
1747366740;1747366800;;;;;;;;;;;;;
1747366800;1747366860;;;;;;;;;;;;;
1747366860;1747366920;;;;;;;;;;;;;
1747366920;1747366980;;;;;;;;;;;;;
1747366980;1747367040;;;;;;;;;;;;;
1747367040;1747367100;;;;;;;;;;;;;
1747367100;1747367160;;;;;;;;;;;;;
1747367160;1747367220;;;;;;;;;;;;;
1747367220;1747367280;;;;;;;;;;;;;
1747367280;1747367340;;;;;;;;;;;;;
1747367340;1747367400;;;;;;;;;;;;;
1747367400;1747367460;;;;;;;;;;;;;
1747367460;1747367520;;;;;;;;;;;;;
1747367520;1747367580;;;;;;;;;;;;;
1747367580;1747367640;;;;;;;;;;;;;
1747367640;1747367700;;;;;;;;;;;;;
1747367700;1747367760;;;;;;;;;;;;;
1747367760;1747367820;;;;;;;;;;;;;
1747367820;1747367880;;;;;;;;;;;;;
1747367880;1747367940;;;;;;;;;;;;;
1747367940;1747368000;;;;;;;;;;;;;
1747368000;1747368060;;;;;;;;;;;;;
1747368060;1747368120;;;;;;;;;;;;;
1747368120;1747368180;;;;;;;;;;;;;
1747368180;1747368240;;;;;;;;;;;;;
1747368240;1747368300;;;;;;;;;;;;;
1747368300;1747368360;;;;;;;;;;;;;
1747368360;1747368420;;;;;;;;;;;;;
1747368420;1747368480;;;;;;;;;;;;;
1747368480;1747368540;;;;;;;;;;;;;
1747368540;1747368600;;;;;;;;;;;;;
1747368600;1747368660;;;;;;;;;;;;;
1747368660;1747368720;;;;;;;;;;;;;
1747368720;1747368780;;;;;;;;;;;;;
1747368780;1747368840;;;;;;;;;;;;;
1747368840;1747368900;;;;;;;;;;;;;
1747368900;1747368960;;;;;;;;;;;;;
1747368960;1747369020;;;;;;;;;;;;;
1747369020;1747369080;;;;;;;;;;;;;
1747369080;1747369140;;;;;;;;;;;;;
1747369140;1747369200;;;;;;;;;;;;;
1747369200;1747369260;;;;;;;;;;;;;
1747369260;1747369320;;;;;;;;;;;;;
1747369320;1747369380;;;;;;;;;;;;;
1747369380;1747369440;;;;;;;;;;;;;
1747369440;1747369500;;;;;;;;;;;;;
1747369500;1747369560;;;;;;;;;;;;;
1747369560;1747369620;;;;;;;;;;;;;
1747369620;1747369680;;;;;;;;;;;;;
1747369680;1747369740;;;;;;;;;;;;;
1747369740;1747369800;;;;;;;;;;;;;
1747369800;1747369860;;;;;;;;;;;;;
1747369860;1747369920;;;;;;;;;;;;;
1747369920;1747369980;;;;;;;;;;;;;
1747369980;1747370040;;;;;;;;;;;;;
1747370040;1747370100;;;;;;;;;;;;;
1747370100;1747370160;;;;;;;;;;;;;
1747370160;1747370220;;;;;;;;;;;;;
1747370220;1747370280;;;;;;;;;;;;;
1747370280;1747370340;;;;;;;;;;;;;
1747370340;1747370400;;;;;;;;;;;;;
1747370400;1747370460;;;;;;;;;;;;;
1747370460;1747370520;;;;;;;;;;;;;
1747370520;1747370580;;;;;;;;;;;;;
1747370580;1747370640;;;;;;;;;;;;;
1747370640;1747370700;;;;;;;;;;;;;
1747370700;1747370760;;;;;;;;;;;;;
1747370760;1747370820;;;;;;;;;;;;;
1747370820;1747370880;;;;;;;;;;;;;
1747370880;1747370940;;;;;;;;;;;;;
1747370940;1747371000;;;;;;;;;;;;;
1747371000;1747371060;;;;;;;;;;;;;
1747371060;1747371120;;;;;;;;;;;;;
1747371120;1747371180;;;;;;;;;;;;;
1747371180;1747371240;;;;;;;;;;;;;
1747371240;1747371300;;;;;;;;;;;;;
1747371300;1747371360;;;;;;;;;;;;;
1747371360;1747371420;;;;;;;;;;;;;
1747371420;1747371480;;;;;;;;;;;;;
1747371480;1747371540;;;;;;;;;;;;;
1747371540;1747371600;;;;;;;;;;;;;
1747371600;1747371660;;;;;;;;;;;;;
1747371660;1747371720;;;;;;;;;;;;;
1747371720;1747371780;;;;;;;;;;;;;
1747371780;1747371840;;;;;;;;;;;;;
1747371840;1747371900;;;;;;;;;;;;;
1747371900;1747371960;;;;;;;;;;;;;
1747371960;1747372020;;;;;;;;;;;;;
1747372020;1747372080;;;;;;;;;;;;;
1747372080;1747372140;;;;;;;;;;;;;
1747372140;1747372200;;;;;;;;;;;;;
1747372200;1747372260;;;;;;;;;;;;;
1747372260;1747372320;;;;;;;;;;;;;
1747372320;1747372380;;;;;;;;;;;;;
1747372380;1747372440;;;;;;;;;;;;;
1747372440;1747372500;;;;;;;;;;;;;
1747372500;1747372560;;;;;;;;;;;;;
1747372560;1747372620;;;;;;;;;;;;;
1747372620;1747372680;;;;;;;;;;;;;
1747372680;1747372740;;;;;;;;;;;;;
1747372740;1747372800;;;;;;;;;;;;;
1747372800;1747372860;;;;;;;;;;;;;
1747372860;1747372920;;;;;;;;;;;;;
1747372920;1747372980;;;;;;;;;;;;;
1747372980;1747373040;;;;;;;;;;;;;
1747373040;1747373100;;;;;;;;;;;;;
1747373100;1747373160;;;;;;;;;;;;;
1747373160;1747373220;;;;;;;;;;;;;
1747373220;1747373280;;;;;;;;;;;;;
1747373280;1747373340;;;;;;;;;;;;;
1747373340;1747373400;;;;;;;;;;;;;
1747373400;1747373460;;;;;;;;;;;;;
1747373460;1747373520;;;;;;;;;;;;;
1747373520;1747373580;;;;;;;;;;;;;
1747373580;1747373640;;;;;;;;;;;;;
1747373640;1747373700;;;;;;;;;;;;;
1747373700;1747373760;;;;;;;;;;;;;
1747373760;1747373820;;;;;;;;;;;;;
1747373820;1747373880;;;;;;;;;;;;;
1747373880;1747373940;;;;;;;;;;;;;
1747373940;1747374000;;;;;;;;;;;;;
1747374000;1747374060;;;;;;;;;;;;;
1747374060;1747374120;;;;;;;;;;;;;
1747374120;1747374180;;;;;;;;;;;;;
1747374180;1747374240;;;;;;;;;;;;;
1747374240;1747374300;;;;;;;;;;;;;
1747374300;1747374360;;;;;;;;;;;;;
1747374360;1747374420;;;;;;;;;;;;;
1747374420;1747374480;;;;;;;;;;;;;
1747374480;1747374540;;;;;;;;;;;;;
1747374540;1747374600;;;;;;;;;;;;;
1747374600;1747374660;;;;;;;;;;;;;
1747374660;1747374720;;;;;;;;;;;;;
1747374720;1747374780;;;;;;;;;;;;;
1747374780;1747374840;;;;;;;;;;;;;
1747374840;1747374900;;;;;;;;;;;;;
1747374900;1747374960;;;;;;;;;;;;;
1747374960;1747375020;;;;;;;;;;;;;
1747375020;1747375080;;;;;;;;;;;;;
1747375080;1747375140;;;;;;;;;;;;;
1747375140;1747375200;;;;;;;;;;;;;
1747375200;1747375260;;;;;;;;;;;;;
1747375260;1747375320;;;;;;;;;;;;;
1747375320;1747375380;;;;;;;;;;;;;
1747375380;1747375440;;;;;;;;;;;;;
1747375440;1747375500;;;;;;;;;;;;;
1747375500;1747375560;;;;;;;;;;;;;
1747375560;1747375620;;;;;;;;;;;;;
1747375620;1747375680;;;;;;;;;;;;;
1747375680;1747375740;;;;;;;;;;;;;
1747375740;1747375800;;;;;;;;;;;;;
1747375800;1747375860;;;;;;;;;;;;;
1747375860;1747375920;;;;;;;;;;;;;
1747375920;1747375980;;;;;;;;;;;;;
1747375980;1747376040;;;;;;;;;;;;;
1747376040;1747376100;;;;;;;;;;;;;
1747376100;1747376160;;;;;;;;;;;;;
1747376160;1747376220;;;;;;;;;;;;;
1747376220;1747376280;;;;;;;;;;;;;
1747376280;1747376340;;;;;;;;;;;;;
1747376340;1747376400;;;;;;;;;;;;;
1747376400;1747376460;;;;;;;;;;;;;
1747376460;1747376520;;;;;;;;;;;;;
1747376520;1747376580;;;;;;;;;;;;;
1747376580;1747376640;;;;;;;;;;;;;
1747376640;1747376700;;;;;;;;;;;;;
1747376700;1747376760;;;;;;;;;;;;;
1747376760;1747376820;;;;;;;;;;;;;
1747376820;1747376880;;;;;;;;;;;;;
1747376880;1747376940;;;;;;;;;;;;;
1747376940;1747377000;;;;;;;;;;;;;
1747377000;1747377060;;;;;;;;;;;;;
1747377060;1747377120;;;;;;;;;;;;;
1747377120;1747377180;;;;;;;;;;;;;
1747377180;1747377240;;;;;;;;;;;;;
1747377240;1747377300;;;;;;;;;;;;;
1747377300;1747377360;;;;;;;;;;;;;
1747377360;1747377420;;;;;;;;;;;;;
1747377420;1747377480;;;;;;;;;;;;;
1747377480;1747377540;;;;;;;;;;;;;
1747377540;1747377600;;;;;;;;;;;;;
1747377600;1747377660;;;;;;;;;;;;;
1747377660;1747377720;;;;;;;;;;;;;
1747377720;1747377780;;;;;;;;;;;;;
1747377780;1747377840;;;;;;;;;;;;;
1747377840;1747377900;;;;;;;;;;;;;
1747377900;1747377960;;;;;;;;;;;;;
1747377960;1747378020;;;;;;;;;;;;;
1747378020;1747378080;;;;;;;;;;;;;
1747378080;1747378140;;;;;;;;;;;;;
1747378140;1747378200;;;;;;;;;;;;;
1747378200;1747378260;;;;;;;;;;;;;
1747378260;1747378320;;;;;;;;;;;;;
1747378320;1747378380;;;;;;;;;;;;;
1747378380;1747378440;;;;;;;;;;;;;
1747378440;1747378500;;;;;;;;;;;;;
1747378500;1747378560;;;;;;;;;;;;;
1747378560;1747378620;;;;;;;;;;;;;
1747378620;1747378680;;;;;;;;;;;;;
1747378680;1747378740;;;;;;;;;;;;;
1747378740;1747378800;;;;;;;;;;;;;
1747378800;1747378860;;;;;;;;;;;;;
1747378860;1747378920;;;;;;;;;;;;;
1747378920;1747378980;;;;;;;;;;;;;
1747378980;1747379040;;;;;;;;;;;;;
1747379040;1747379100;;;;;;;;;;;;;
1747379100;1747379160;;;;;;;;;;;;;
1747379160;1747379220;;;;;;;;;;;;;
1747379220;1747379280;;;;;;;;;;;;;
1747379280;1747379340;;;;;;;;;;;;;
1747379340;1747379400;;;;;;;;;;;;;
1747379400;1747379460;;;;;;;;;;;;;
1747379460;1747379520;;;;;;;;;;;;;
1747379520;1747379580;;;;;;;;;;;;;
1747379580;1747379640;;;;;;;;;;;;;
1747379640;1747379700;;;;;;;;;;;;;
1747379700;1747379760;;;;;;;;;;;;;
1747379760;1747379820;;;;;;;;;;;;;
1747379820;1747379880;;;;;;;;;;;;;
1747379880;1747379940;;;;;;;;;;;;;
1747379940;1747380000;;;;;;;;;;;;;
1747380000;1747380060;;;;;;;;;;;;;
1747380060;1747380120;;;;;;;;;;;;;
1747380120;1747380180;;;;;;;;;;;;;
1747380180;1747380240;;;;;;;;;;;;;
1747380240;1747380300;;;;;;;;;;;;;
1747380300;1747380360;;;;;;;;;;;;;
1747380360;1747380420;;;;;;;;;;;;;
1747380420;1747380480;;;;;;;;;;;;;
1747380480;1747380540;;;;;;;;;;;;;
1747380540;1747380600;;;;;;;;;;;;;
1747380600;1747380660;;;;;;;;;;;;;
1747380660;1747380720;;;;;;;;;;;;;
1747380720;1747380780;;;;;;;;;;;;;
1747380780;1747380840;;;;;;;;;;;;;
1747380840;1747380900;;;;;;;;;;;;;
1747380900;1747380960;;;;;;;;;;;;;
1747380960;1747381020;;;;;;;;;;;;;
1747381020;1747381080;;;;;;;;;;;;;
1747381080;1747381140;;;;;;;;;;;;;
1747381140;1747381200;;;;;;;;;;;;;
1747381200;1747381260;;;;;;;;;;;;;
1747381260;1747381320;;;;;;;;;;;;;
1747381320;1747381380;;;;;;;;;;;;;
1747381380;1747381440;;;;;;;;;;;;;
1747381440;1747381500;;;;;;;;;;;;;
1747381500;1747381560;;;;;;;;;;;;;
1747381560;1747381620;;;;;;;;;;;;;
1747381620;1747381680;;;;;;;;;;;;;
1747381680;1747381740;;;;;;;;;;;;;
1747381740;1747381800;;;;;;;;;;;;;
1747381800;1747381860;;;;;;;;;;;;;
1747381860;1747381920;;;;;;;;;;;;;
1747381920;1747381980;;;;;;;;;;;;;
1747381980;1747382040;;;;;;;;;;;;;
1747382040;1747382100;;;;;;;;;;;;;
1747382100;1747382160;;;;;;;;;;;;;
1747382160;1747382220;;;;;;;;;;;;;
1747382220;1747382280;;;;;;;;;;;;;
1747382280;1747382340;;;;;;;;;;;;;
1747382340;1747382400;;;;;;;;;;;;;
1747382400;1747382460;;;;;;;;;;;;;
1747382460;1747382520;;;;;;;;;;;;;
1747382520;1747382580;;;;;;;;;;;;;
1747382580;1747382640;;;;;;;;;;;;;
1747382640;1747382700;;;;;;;;;;;;;
1747382700;1747382760;;;;;;;;;;;;;
1747382760;1747382820;;;;;;;;;;;;;
1747382820;1747382880;;;;;;;;;;;;;
1747382880;1747382940;;;;;;;;;;;;;
1747382940;1747383000;;;;;;;;;;;;;
1747383000;1747383060;;;;;;;;;;;;;
1747383060;1747383120;;;;;;;;;;;;;
1747383120;1747383180;;;;;;;;;;;;;
1747383180;1747383240;;;;;;;;;;;;;
1747383240;1747383300;;;;;;;;;;;;;
1747383300;1747383360;;;;;;;;;;;;;
1747383360;1747383420;;;;;;;;;;;;;
1747383420;1747383480;;;;;;;;;;;;;
1747383480;1747383540;;;;;;;;;;;;;
1747383540;1747383600;;;;;;;;;;;;;
1747383600;1747383660;;;;;;;;;;;;;
1747383660;1747383720;;;;;;;;;;;;;
1747383720;1747383780;;;;;;;;;;;;;
1747383780;1747383840;;;;;;;;;;;;;
1747383840;1747383900;;;;;;;;;;;;;
1747383900;1747383960;;;;;;;;;;;;;
1747383960;1747384020;;;;;;;;;;;;;
1747384020;1747384080;;;;;;;;;;;;;
1747384080;1747384140;;;;;;;;;;;;;
1747384140;1747384200;;;;;;;;;;;;;
1747384200;1747384260;;;;;;;;;;;;;
1747384260;1747384320;;;;;;;;;;;;;
1747384320;1747384380;;;;;;;;;;;;;
1747384380;1747384440;;;;;;;;;;;;;
1747384440;1747384500;;;;;;;;;;;;;
1747384500;1747384560;;;;;;;;;;;;;
1747384560;1747384620;;;;;;;;;;;;;
1747384620;1747384680;;;;;;;;;;;;;
1747384680;1747384740;;;;;;;;;;;;;
1747384740;1747384800;;;;;;;;;;;;;
1747384800;1747384860;;;;;;;;;;;;;
1747384860;1747384920;;;;;;;;;;;;;
1747384920;1747384980;;;;;;;;;;;;;
1747384980;1747385040;;;;;;;;;;;;;
1747385040;1747385100;;;;;;;;;;;;;
1747385100;1747385160;;;;;;;;;;;;;
1747385160;1747385220;;;;;;;;;;;;;
1747385220;1747385280;;;;;;;;;;;;;
1747385280;1747385340;;;;;;;;;;;;;
1747385340;1747385400;;;;;;;;;;;;;
1747385400;1747385460;;;;;;;;;;;;;
1747385460;1747385520;;;;;;;;;;;;;
1747385520;1747385580;;;;;;;;;;;;;
1747385580;1747385640;;;;;;;;;;;;;
1747385640;1747385700;;;;;;;;;;;;;
1747385700;1747385760;;;;;;;;;;;;;
1747385760;1747385820;;;;;;;;;;;;;
1747385820;1747385880;;;;;;;;;;;;;
1747385880;1747385940;;;;;;;;;;;;;
1747385940;1747386000;;;;;;;;;;;;;
1747386000;1747386060;;;;;;;;;;;;;
1747386060;1747386120;;;;;;;;;;;;;
1747386120;1747386180;;;;;;;;;;;;;
1747386180;1747386240;;;;;;;;;;;;;
1747386240;1747386300;;;;;;;;;;;;;
1747386300;1747386360;;;;;;;;;;;;;
1747386360;1747386420;;;;;;;;;;;;;
1747386420;1747386480;;;;;;;;;;;;;
1747386480;1747386540;;;;;;;;;;;;;
1747386540;1747386600;;;;;;;;;;;;;
1747386600;1747386660;;;;;;;;;;;;;
1747386660;1747386720;;;;;;;;;;;;;
1747386720;1747386780;;;;;;;;;;;;;
1747386780;1747386840;;;;;;;;;;;;;
1747386840;1747386900;;;;;;;;;;;;;
1747386900;1747386960;;;;;;;;;;;;;
1747386960;1747387020;;;;;;;;;;;;;
1747387020;1747387080;;;;;;;;;;;;;
1747387080;1747387140;;;;;;;;;;;;;
1747387140;1747387200;;;;;;;;;;;;;
1747387200;1747387260;;;;;;;;;;;;;
1747387260;1747387320;;;;;;;;;;;;;
1747387320;1747387380;;;;;;;;;;;;;
1747387380;1747387440;;;;;;;;;;;;;
1747387440;1747387500;;;;;;;;;;;;;
1747387500;1747387560;;;;;;;;;;;;;
1747387560;1747387620;;;;;;;;;;;;;
1747387620;1747387680;;;;;;;;;;;;;
1747387680;1747387740;;;;;;;;;;;;;
1747387740;1747387800;;;;;;;;;;;;;
1747387800;1747387860;;;;;;;;;;;;;
1747387860;1747387920;;;;;;;;;;;;;
1747387920;1747387980;;;;;;;;;;;;;
1747387980;1747388040;;;;;;;;;;;;;
1747388040;1747388100;;;;;;;;;;;;;
1747388100;1747388160;;;;;;;;;;;;;
1747388160;1747388220;;;;;;;;;;;;;
1747388220;1747388280;;;;;;;;;;;;;
1747388280;1747388340;;;;;;;;;;;;;
1747388340;1747388400;;;;;;;;;;;;;
1747388400;1747388460;;;;;;;;;;;;;
1747388460;1747388520;;;;;;;;;;;;;
1747388520;1747388580;;;;;;;;;;;;;
1747388580;1747388640;;;;;;;;;;;;;
1747388640;1747388700;;;;;;;;;;;;;
1747388700;1747388760;;;;;;;;;;;;;
1747388760;1747388820;;;;;;;;;;;;;
1747388820;1747388880;;;;;;;;;;;;;
1747388880;1747388940;;;;;;;;;;;;;
1747388940;1747389000;;;;;;;;;;;;;
1747389000;1747389060;;;;;;;;;;;;;
1747389060;1747389120;;;;;;;;;;;;;
1747389120;1747389180;;;;;;;;;;;;;
1747389180;1747389240;;;;;;;;;;;;;
1747389240;1747389300;;;;;;;;;;;;;
1747389300;1747389360;;;;;;;;;;;;;
1747389360;1747389420;;;;;;;;;;;;;
1747389420;1747389480;;;;;;;;;;;;;
1747389480;1747389540;;;;;;;;;;;;;
1747389540;1747389600;;;;;;;;;;;;;
1747389600;1747389660;;;;;;;;;;;;;
1747389660;1747389720;;;;;;;;;;;;;
1747389720;1747389780;;;;;;;;;;;;;
1747389780;1747389840;;;;;;;;;;;;;
1747389840;1747389900;;;;;;;;;;;;;
1747389900;1747389960;;;;;;;;;;;;;
1747389960;1747390020;;;;;;;;;;;;;
1747390020;1747390080;;;;;;;;;;;;;
1747390080;1747390140;;;;;;;;;;;;;
1747390140;1747390200;;;;;;;;;;;;;
1747390200;1747390260;;;;;;;;;;;;;
1747390260;1747390320;;;;;;;;;;;;;
1747390320;1747390380;;;;;;;;;;;;;
1747390380;1747390440;;;;;;;;;;;;;
1747390440;1747390500;;;;;;;;;;;;;
1747390500;1747390560;;;;;;;;;;;;;
1747390560;1747390620;;;;;;;;;;;;;
1747390620;1747390680;;;;;;;;;;;;;
1747390680;1747390740;;;;;;;;;;;;;
1747390740;1747390800;;;;;;;;;;;;;
1747390800;1747390860;;;;;;;;;;;;;
1747390860;1747390920;;;;;;;;;;;;;
1747390920;1747390980;;;;;;;;;;;;;
1747390980;1747391040;;;;;;;;;;;;;
1747391040;1747391100;;;;;;;;;;;;;
1747391100;1747391160;;;;;;;;;;;;;
1747391160;1747391220;;;;;;;;;;;;;
1747391220;1747391280;;;;;;;;;;;;;
1747391280;1747391340;;;;;;;;;;;;;
1747391340;1747391400;;;;;;;;;;;;;
1747391400;1747391460;;;;;;;;;;;;;
1747391460;1747391520;;;;;;;;;;;;;
1747391520;1747391580;;;;;;;;;;;;;
1747391580;1747391640;;;;;;;;;;;;;
1747391640;1747391700;;;;;;;;;;;;;
1747391700;1747391760;;;;;;;;;;;;;
1747391760;1747391820;;;;;;;;;;;;;
1747391820;1747391880;;;;;;;;;;;;;
1747391880;1747391940;;;;;;;;;;;;;
1747391940;1747392000;;;;;;;;;;;;;
1747392000;1747392060;;;;;;;;;;;;;
1747392060;1747392120;;;;;;;;;;;;;
1747392120;1747392180;;;;;;;;;;;;;
1747392180;1747392240;;;;;;;;;;;;;
1747392240;1747392300;;;;;;;;;;;;;
1747392300;1747392360;;;;;;;;;;;;;
1747392360;1747392420;;;;;;;;;;;;;
1747392420;1747392480;;;;;;;;;;;;;
1747392480;1747392540;;;;;;;;;;;;;
1747392540;1747392600;;;;;;;;;;;;;
1747392600;1747392660;;;;;;;;;;;;;
1747392660;1747392720;;;;;;;;;;;;;
1747392720;1747392780;;;;;;;;;;;;;
1747392780;1747392840;;;;;;;;;;;;;
1747392840;1747392900;;;;;;;;;;;;;
1747392900;1747392960;;;;;;;;;;;;;
1747392960;1747393020;;;;;;;;;;;;;
1747393020;1747393080;;;;;;;;;;;;;
1747393080;1747393140;;;;;;;;;;;;;
1747393140;1747393200;;;;;;;;;;;;;
1747393200;1747393260;;;;;;;;;;;;;
1747393260;1747393320;;;;;;;;;;;;;
1747393320;1747393380;;;;;;;;;;;;;
1747393380;1747393440;;;;;;;;;;;;;
1747393440;1747393500;;;;;;;;;;;;;
1747393500;1747393560;;;;;;;;;;;;;
1747393560;1747393620;;;;;;;;;;;;;
1747393620;1747393680;;;;;;;;;;;;;
1747393680;1747393740;;;;;;;;;;;;;
1747393740;1747393800;;;;;;;;;;;;;
1747393800;1747393860;;;;;;;;;;;;;
1747393860;1747393920;;;;;;;;;;;;;
1747393920;1747393980;;;;;;;;;;;;;
1747393980;1747394040;;;;;;;;;;;;;
1747394040;1747394100;;;;;;;;;;;;;
1747394100;1747394160;;;;;;;;;;;;;
1747394160;1747394220;;;;;;;;;;;;;
1747394220;1747394280;;;;;;;;;;;;;
1747394280;1747394340;;;;;;;;;;;;;
1747394340;1747394400;;;;;;;;;;;;;
1747394400;1747394460;;;;;;;;;;;;;
1747394460;1747394520;;;;;;;;;;;;;
1747394520;1747394580;;;;;;;;;;;;;
1747394580;1747394640;;;;;;;;;;;;;
1747394640;1747394700;;;;;;;;;;;;;
1747394700;1747394760;;;;;;;;;;;;;
1747394760;1747394820;;;;;;;;;;;;;
1747394820;1747394880;;;;;;;;;;;;;
1747394880;1747394940;;;;;;;;;;;;;
1747394940;1747395000;;;;;;;;;;;;;
1747395000;1747395060;;;;;;;;;;;;;
1747395060;1747395120;;;;;;;;;;;;;
1747395120;1747395180;;;;;;;;;;;;;
1747395180;1747395240;;;;;;;;;;;;;
1747395240;1747395300;;;;;;;;;;;;;
1747395300;1747395360;;;;;;;;;;;;;
1747395360;1747395420;;;;;;;;;;;;;
1747395420;1747395480;;;;;;;;;;;;;
1747395480;1747395540;;;;;;;;;;;;;
1747395540;1747395600;;;;;;;;;;;;;
1747395600;1747395660;;;;;;;;;;;;;
1747395660;1747395720;;;;;;;;;;;;;
1747395720;1747395780;;;;;;;;;;;;;
1747395780;1747395840;;;;;;;;;;;;;
1747395840;1747395900;;;;;;;;;;;;;
1747395900;1747395960;;;;;;;;;;;;;
1747395960;1747396020;;;;;;;;;;;;;
1747396020;1747396080;;;;;;;;;;;;;
1747396080;1747396140;;;;;;;;;;;;;
1747396140;1747396200;;;;;;;;;;;;;
1747396200;1747396260;;;;;;;;;;;;;
1747396260;1747396320;;;;;;;;;;;;;
1747396320;1747396380;;;;;;;;;;;;;
1747396380;1747396440;;;;;;;;;;;;;
1747396440;1747396500;;;;;;;;;;;;;
1747396500;1747396560;;;;;;;;;;;;;
1747396560;1747396620;;;;;;;;;;;;;
1747396620;1747396680;;;;;;;;;;;;;
1747396680;1747396740;;;;;;;;;;;;;
1747396740;1747396800;;;;;;;;;;;;;
1747396800;1747396860;;;;;;;;;;;;;
1747396860;1747396920;;;;;;;;;;;;;
1747396920;1747396980;;;;;;;;;;;;;
1747396980;1747397040;;;;;;;;;;;;;
1747397040;1747397100;;;;;;;;;;;;;
1747397100;1747397160;;;;;;;;;;;;;
1747397160;1747397220;;;;;;;;;;;;;
1747397220;1747397280;;;;;;;;;;;;;
1747397280;1747397340;;;;;;;;;;;;;
1747397340;1747397400;;;;;;;;;;;;;
1747397400;1747397460;;;;;;;;;;;;;
1747397460;1747397520;;;;;;;;;;;;;
1747397520;1747397580;;;;;;;;;;;;;
1747397580;1747397640;;;;;;;;;;;;;
1747397640;1747397700;;;;;;;;;;;;;
1747397700;1747397760;;;;;;;;;;;;;
1747397760;1747397820;;;;;;;;;;;;;
1747397820;1747397880;;;;;;;;;;;;;
1747397880;1747397940;;;;;;;;;;;;;
1747397940;1747398000;;;;;;;;;;;;;
1747398000;1747398060;;;;;;;;;;;;;
1747398060;1747398120;;;;;;;;;;;;;
1747398120;1747398180;;;;;;;;;;;;;
1747398180;1747398240;;;;;;;;;;;;;
1747398240;1747398300;;;;;;;;;;;;;
1747398300;1747398360;;;;;;;;;;;;;
1747398360;1747398420;;;;;;;;;;;;;
1747398420;1747398480;;;;;;;;;;;;;
1747398480;1747398540;;;;;;;;;;;;;
1747398540;1747398600;;;;;;;;;;;;;
1747398600;1747398660;;;;;;;;;;;;;
1747398660;1747398720;;;;;;;;;;;;;
1747398720;1747398780;;;;;;;;;;;;;
1747398780;1747398840;;;;;;;;;;;;;
1747398840;1747398900;;;;;;;;;;;;;
1747398900;1747398960;;;;;;;;;;;;;
1747398960;1747399020;;;;;;;;;;;;;
1747399020;1747399080;;;;;;;;;;;;;
1747399080;1747399140;;;;;;;;;;;;;
1747399140;1747399200;;;;;;;;;;;;;
1747399200;1747399260;;;;;;;;;;;;;
1747399260;1747399320;;;;;;;;;;;;;
1747399320;1747399380;;;;;;;;;;;;;
1747399380;1747399440;;;;;;;;;;;;;
1747399440;1747399500;;;;;;;;;;;;;
1747399500;1747399560;;;;;;;;;;;;;
1747399560;1747399620;;;;;;;;;;;;;
1747399620;1747399680;;;;;;;;;;;;;
1747399680;1747399740;;;;;;;;;;;;;
1747399740;1747399800;;;;;;;;;;;;;
1747399800;1747399860;;;;;;;;;;;;;
1747399860;1747399920;;;;;;;;;;;;;
1747399920;1747399980;;;;;;;;;;;;;
1747399980;1747400040;;;;;;;;;;;;;
1747400040;1747400100;;;;;;;;;;;;;
1747400100;1747400160;;;;;;;;;;;;;
1747400160;1747400220;;;;;;;;;;;;;
1747400220;1747400280;;;;;;;;;;;;;
1747400280;1747400340;;;;;;;;;;;;;
1747400340;1747400400;;;;;;;;;;;;;
1747400400;1747400460;;;;;;;;;;;;;
1747400460;1747400520;;;;;;;;;;;;;
1747400520;1747400580;;;;;;;;;;;;;
1747400580;1747400640;;;;;;;;;;;;;
1747400640;1747400700;;;;;;;;;;;;;
1747400700;1747400760;;;;;;;;;;;;;
1747400760;1747400820;;;;;;;;;;;;;
1747400820;1747400880;;;;;;;;;;;;;
1747400880;1747400940;;;;;;;;;;;;;
1747400940;1747401000;;;;;;;;;;;;;
1747401000;1747401060;;;;;;;;;;;;;
1747401060;1747401120;;;;;;;;;;;;;
1747401120;1747401180;;;;;;;;;;;;;
1747401180;1747401240;;;;;;;;;;;;;
1747401240;1747401300;;;;;;;;;;;;;
1747401300;1747401360;;;;;;;;;;;;;
1747401360;1747401420;;;;;;;;;;;;;
1747401420;1747401480;;;;;;;;;;;;;
1747401480;1747401540;;;;;;;;;;;;;
1747401540;1747401600;;;;;;;;;;;;;
1747401600;1747401660;;;;;;;;;;;;;
1747401660;1747401720;;;;;;;;;;;;;
1747401720;1747401780;;;;;;;;;;;;;
1747401780;1747401840;;;;;;;;;;;;;
1747401840;1747401900;;;;;;;;;;;;;
1747401900;1747401960;;;;;;;;;;;;;
1747401960;1747402020;;;;;;;;;;;;;
1747402020;1747402080;;;;;;;;;;;;;
1747402080;1747402140;;;;;;;;;;;;;
1747402140;1747402200;;;;;;;;;;;;;
1747402200;1747402260;;;;;;;;;;;;;
1747402260;1747402320;;;;;;;;;;;;;
1747402320;1747402380;;;;;;;;;;;;;
1747402380;1747402440;;;;;;;;;;;;;
1747402440;1747402500;;;;;;;;;;;;;
1747402500;1747402560;;;;;;;;;;;;;
1747402560;1747402620;;;;;;;;;;;;;
1747402620;1747402680;;;;;;;;;;;;;
1747402680;1747402740;;;;;;;;;;;;;
1747402740;1747402800;;;;;;;;;;;;;
1747402800;1747402860;;;;;;;;;;;;;
1747402860;1747402920;;;;;;;;;;;;;
1747402920;1747402980;;;;;;;;;;;;;
1747402980;1747403040;;;;;;;;;;;;;
1747403040;1747403100;;;;;;;;;;;;;
1747403100;1747403160;;;;;;;;;;;;;
1747403160;1747403220;;;;;;;;;;;;;
1747403220;1747403280;;;;;;;;;;;;;
1747403280;1747403340;;;;;;;;;;;;;
1747403340;1747403400;;;;;;;;;;;;;
1747403400;1747403460;;;;;;;;;;;;;
1747403460;1747403520;;;;;;;;;;;;;
1747403520;1747403580;;;;;;;;;;;;;
1747403580;1747403640;;;;;;;;;;;;;
1747403640;1747403700;;;;;;;;;;;;;
1747403700;1747403760;;;;;;;;;;;;;
1747403760;1747403820;;;;;;;;;;;;;
1747403820;1747403880;;;;;;;;;;;;;
1747403880;1747403940;;;;;;;;;;;;;
1747403940;1747404000;;;;;;;;;;;;;
1747404000;1747404060;;;;;;;;;;;;;
1747404060;1747404120;;;;;;;;;;;;;
1747404120;1747404180;;;;;;;;;;;;;
1747404180;1747404240;;;;;;;;;;;;;
1747404240;1747404300;;;;;;;;;;;;;
1747404300;1747404360;;;;;;;;;;;;;
1747404360;1747404420;;;;;;;;;;;;;
1747404420;1747404480;;;;;;;;;;;;;
1747404480;1747404540;;;;;;;;;;;;;
1747404540;1747404600;;;;;;;;;;;;;
1747404600;1747404660;;;;;;;;;;;;;
1747404660;1747404720;;;;;;;;;;;;;
1747404720;1747404780;;;;;;;;;;;;;
1747404780;1747404840;;;;;;;;;;;;;
1747404840;1747404900;;;;;;;;;;;;;
1747404900;1747404960;;;;;;;;;;;;;
1747404960;1747405020;;;;;;;;;;;;;
1747405020;1747405080;;;;;;;;;;;;;
1747405080;1747405140;;;;;;;;;;;;;
1747405140;1747405200;;;;;;;;;;;;;
1747405200;1747405260;;;;;;;;;;;;;
1747405260;1747405320;;;;;;;;;;;;;
1747405320;1747405380;;;;;;;;;;;;;
1747405380;1747405440;;;;;;;;;;;;;
1747405440;1747405500;;;;;;;;;;;;;
1747405500;1747405560;;;;;;;;;;;;;
1747405560;1747405620;;;;;;;;;;;;;
1747405620;1747405680;;;;;;;;;;;;;
1747405680;1747405740;;;;;;;;;;;;;
1747405740;1747405800;;;;;;;;;;;;;
1747405800;1747405860;;;;;;;;;;;;;
1747405860;1747405920;;;;;;;;;;;;;
1747405920;1747405980;;;;;;;;;;;;;
1747405980;1747406040;;;;;;;;;;;;;
1747406040;1747406100;;;;;;;;;;;;;
1747406100;1747406160;;;;;;;;;;;;;
1747406160;1747406220;;;;;;;;;;;;;
1747406220;1747406280;;;;;;;;;;;;;
1747406280;1747406340;;;;;;;;;;;;;
1747406340;1747406400;;;;;;;;;;;;;
1747406400;1747406460;1934.0;64.0;5.0;proj_mKjQoSwpHx76Y2vd3oO5aZBF;user-qEXLZmM0Qs9E3TotrIk6rXL1;key_CCBlHVPJrketwBV2;gpt-4o-2024-08-06;;default;0.0;1934.0;0.0;0.0
1747406400;1747406460;15037.0;907.0;15.0;proj_mKjQoSwpHx76Y2vd3oO5aZBF;user-qEXLZmM0Qs9E3TotrIk6rXL1;key_CCBlHVPJrketwBV2;gpt-4o-mini-2024-07-18;;default;6400.0;8637.0;0.0;0.0
1747406460;1747406520;5015.0;130.0;8.0;proj_mKjQoSwpHx76Y2vd3oO5aZBF;user-qEXLZmM0Qs9E3TotrIk6rXL1;key_CCBlHVPJrketwBV2;gpt-4o-2024-08-06;;default;0.0;5015.0;0.0;0.0
1747406460;1747406520;30883.0;1464.0;24.0;proj_mKjQoSwpHx76Y2vd3oO5aZBF;user-qEXLZmM0Qs9E3TotrIk6rXL1;key_CCBlHVPJrketwBV2;gpt-4o-mini-2024-07-18;;default;10368.0;20515.0;0.0;0.0
1747406520;1747406580;111932.0;1555.0;34.0;proj_mKjQoSwpHx76Y2vd3oO5aZBF;user-qEXLZmM0Qs9E3TotrIk6rXL1;key_CCBlHVPJrketwBV2;gpt-4o-mini-2024-07-18;;default;92928.0;19004.0;0.0;0.0
1747406520;1747406580;13804.0;221.0;14.0;proj_mKjQoSwpHx76Y2vd3oO5aZBF;user-qEXLZmM0Qs9E3TotrIk6rXL1;key_CCBlHVPJrketwBV2;gpt-4o-2024-08-06;;default;0.0;13804.0;0.0;0.0
1747406580;1747406640;184553.0;1273.0;30.0;proj_mKjQoSwpHx76Y2vd3oO5aZBF;user-qEXLZmM0Qs9E3TotrIk6rXL1;key_CCBlHVPJrketwBV2;gpt-4o-mini-2024-07-18;;default;171264.0;13289.0;0.0;0.0
1747406580;1747406640;29000.0;157.0;15.0;proj_mKjQoSwpHx76Y2vd3oO5aZBF;user-qEXLZmM0Qs9E3TotrIk6rXL1;key_CCBlHVPJrketwBV2;gpt-4o-2024-08-06;;default;17280.0;11720.0;0.0;0.0
1747406640;1747406700;218244.0;1165.0;26.0;proj_mKjQoSwpHx76Y2vd3oO5aZBF;user-qEXLZmM0Qs9E3TotrIk6rXL1;key_CCBlHVPJrketwBV2;gpt-4o-mini-2024-07-18;;default;201216.0;17028.0;0.0;0.0
1747406640;1747406700;19290.0;83.0;10.0;proj_mKjQoSwpHx76Y2vd3oO5aZBF;user-qEXLZmM0Qs9E3TotrIk6rXL1;key_CCBlHVPJrketwBV2;gpt-4o-2024-08-06;;default;16256.0;3034.0;0.0;0.0
1747406700;1747406760;33668.0;21.0;11.0;proj_mKjQoSwpHx76Y2vd3oO5aZBF;user-qEXLZmM0Qs9E3TotrIk6rXL1;key_CCBlHVPJrketwBV2;gpt-4o-2024-08-06;;default;29952.0;3716.0;0.0;0.0
1747406700;1747406760;283779.0;1155.0;27.0;proj_mKjQoSwpHx76Y2vd3oO5aZBF;user-qEXLZmM0Qs9E3TotrIk6rXL1;key_CCBlHVPJrketwBV2;gpt-4o-mini-2024-07-18;;default;274304.0;9475.0;0.0;0.0
1747406760;1747406820;44385.0;1927.0;25.0;proj_mKjQoSwpHx76Y2vd3oO5aZBF;user-qEXLZmM0Qs9E3TotrIk6rXL1;key_CCBlHVPJrketwBV2;gpt-4o-mini-2024-07-18;;default;21120.0;23265.0;0.0;0.0
1747406760;1747406820;21241.0;191.0;14.0;proj_mKjQoSwpHx76Y2vd3oO5aZBF;user-qEXLZmM0Qs9E3TotrIk6rXL1;key_CCBlHVPJrketwBV2;gpt-4o-2024-08-06;;default;13696.0;7545.0;0.0;0.0
1747406820;1747406880;11665.0;132.0;8.0;proj_mKjQoSwpHx76Y2vd3oO5aZBF;user-qEXLZmM0Qs9E3TotrIk6rXL1;key_CCBlHVPJrketwBV2;gpt-4o-2024-08-06;;default;4608.0;7057.0;0.0;0.0
1747406820;1747406880;109643.0;2012.0;23.0;proj_mKjQoSwpHx76Y2vd3oO5aZBF;user-qEXLZmM0Qs9E3TotrIk6rXL1;key_CCBlHVPJrketwBV2;gpt-4o-mini-2024-07-18;;default;85760.0;23883.0;0.0;0.0
1747406880;1747406940;141551.0;1634.0;19.0;proj_mKjQoSwpHx76Y2vd3oO5aZBF;user-qEXLZmM0Qs9E3TotrIk6rXL1;key_CCBlHVPJrketwBV2;gpt-4o-mini-2024-07-18;;default;116480.0;25071.0;0.0;0.0
1747406880;1747406940;16442.0;133.0;9.0;proj_mKjQoSwpHx76Y2vd3oO5aZBF;user-qEXLZmM0Qs9E3TotrIk6rXL1;key_CCBlHVPJrketwBV2;gpt-4o-2024-08-06;;default;12672.0;3770.0;0.0;0.0
1747406940;1747407000;198896.0;1577.0;20.0;proj_mKjQoSwpHx76Y2vd3oO5aZBF;user-qEXLZmM0Qs9E3TotrIk6rXL1;key_CCBlHVPJrketwBV2;gpt-4o-mini-2024-07-18;;default;178944.0;19952.0;0.0;0.0
1747406940;1747407000;32863.0;197.0;11.0;proj_mKjQoSwpHx76Y2vd3oO5aZBF;user-qEXLZmM0Qs9E3TotrIk6rXL1;key_CCBlHVPJrketwBV2;gpt-4o-2024-08-06;;default;17280.0;15583.0;0.0;0.0
1747407000;1747407060;250127.0;1766.0;20.0;proj_mKjQoSwpHx76Y2vd3oO5aZBF;user-qEXLZmM0Qs9E3TotrIk6rXL1;key_CCBlHVPJrketwBV2;gpt-4o-mini-2024-07-18;;default;231552.0;18575.0;0.0;0.0
1747407000;1747407060;27779.0;132.0;8.0;proj_mKjQoSwpHx76Y2vd3oO5aZBF;user-qEXLZmM0Qs9E3TotrIk6rXL1;key_CCBlHVPJrketwBV2;gpt-4o-2024-08-06;;default;23040.0;4739.0;0.0;0.0
1747407060;1747407120;252746.0;1406.0;17.0;proj_mKjQoSwpHx76Y2vd3oO5aZBF;user-qEXLZmM0Qs9E3TotrIk6rXL1;key_CCBlHVPJrketwBV2;gpt-4o-mini-2024-07-18;;default;225408.0;27338.0;0.0;0.0
1747407060;1747407120;32383.0;132.0;8.0;proj_mKjQoSwpHx76Y2vd3oO5aZBF;user-qEXLZmM0Qs9E3TotrIk6rXL1;key_CCBlHVPJrketwBV2;gpt-4o-2024-08-06;;default;28800.0;3583.0;0.0;0.0
1747407120;1747407180;19837.0;128.0;8.0;proj_mKjQoSwpHx76Y2vd3oO5aZBF;user-qEXLZmM0Qs9E3TotrIk6rXL1;key_CCBlHVPJrketwBV2;gpt-4o-2024-08-06;;default;16128.0;3709.0;0.0;0.0
1747407120;1747407180;144295.0;1604.0;20.0;proj_mKjQoSwpHx76Y2vd3oO5aZBF;user-qEXLZmM0Qs9E3TotrIk6rXL1;key_CCBlHVPJrketwBV2;gpt-4o-mini-2024-07-18;;default;120448.0;23847.0;0.0;0.0
1747407180;1747407240;70376.0;2020.0;23.0;proj_mKjQoSwpHx76Y2vd3oO5aZBF;user-qEXLZmM0Qs9E3TotrIk6rXL1;key_CCBlHVPJrketwBV2;gpt-4o-mini-2024-07-18;;default;54656.0;15720.0;0.0;0.0
1747407180;1747407240;11360.0;199.0;11.0;proj_mKjQoSwpHx76Y2vd3oO5aZBF;user-qEXLZmM0Qs9E3TotrIk6rXL1;key_CCBlHVPJrketwBV2;gpt-4o-2024-08-06;;default;2176.0;9184.0;0.0;0.0
1747407240;1747407300;85140.0;2025.0;26.0;proj_mKjQoSwpHx76Y2vd3oO5aZBF;user-qEXLZmM0Qs9E3TotrIk6rXL1;key_CCBlHVPJrketwBV2;gpt-4o-mini-2024-07-18;;default;71040.0;14100.0;0.0;0.0
1747407240;1747407300;8084.0;136.0;9.0;proj_mKjQoSwpHx76Y2vd3oO5aZBF;user-qEXLZmM0Qs9E3TotrIk6rXL1;key_CCBlHVPJrketwBV2;gpt-4o-2024-08-06;;default;0.0;8084.0;0.0;0.0
1747407300;1747407360;12761.0;199.0;12.0;proj_mKjQoSwpHx76Y2vd3oO5aZBF;user-qEXLZmM0Qs9E3TotrIk6rXL1;key_CCBlHVPJrketwBV2;gpt-4o-2024-08-06;;default;3584.0;9177.0;0.0;0.0
1747407300;1747407360;94599.0;2139.0;29.0;proj_mKjQoSwpHx76Y2vd3oO5aZBF;user-qEXLZmM0Qs9E3TotrIk6rXL1;key_CCBlHVPJrketwBV2;gpt-4o-mini-2024-07-18;;default;70144.0;24455.0;0.0;0.0
1747407360;1747407420;14449.0;133.0;9.0;proj_mKjQoSwpHx76Y2vd3oO5aZBF;user-qEXLZmM0Qs9E3TotrIk6rXL1;key_CCBlHVPJrketwBV2;gpt-4o-2024-08-06;;default;10624.0;3825.0;0.0;0.0
1747407360;1747407420;151746.0;1732.0;24.0;proj_mKjQoSwpHx76Y2vd3oO5aZBF;user-qEXLZmM0Qs9E3TotrIk6rXL1;key_CCBlHVPJrketwBV2;gpt-4o-mini-2024-07-18;;default;138112.0;13634.0;0.0;0.0
1747407420;1747407480;29838.0;139.0;11.0;proj_mKjQoSwpHx76Y2vd3oO5aZBF;user-qEXLZmM0Qs9E3TotrIk6rXL1;key_CCBlHVPJrketwBV2;gpt-4o-2024-08-06;;default;24576.0;5262.0;0.0;0.0
1747407420;1747407480;207523.0;1667.0;23.0;proj_mKjQoSwpHx76Y2vd3oO5aZBF;user-qEXLZmM0Qs9E3TotrIk6rXL1;key_CCBlHVPJrketwBV2;gpt-4o-mini-2024-07-18;;default;189696.0;17827.0;0.0;0.0
1747407480;1747407540;251636.0;1738.0;22.0;proj_mKjQoSwpHx76Y2vd3oO5aZBF;user-qEXLZmM0Qs9E3TotrIk6rXL1;key_CCBlHVPJrketwBV2;gpt-4o-mini-2024-07-18;;default;242432.0;9204.0;0.0;0.0
1747407480;1747407540;25352.0;18.0;8.0;proj_mKjQoSwpHx76Y2vd3oO5aZBF;user-qEXLZmM0Qs9E3TotrIk6rXL1;key_CCBlHVPJrketwBV2;gpt-4o-2024-08-06;;default;22016.0;3336.0;0.0;0.0
1747407540;1747407600;29504.0;15.0;8.0;proj_mKjQoSwpHx76Y2vd3oO5aZBF;user-qEXLZmM0Qs9E3TotrIk6rXL1;key_CCBlHVPJrketwBV2;gpt-4o-2024-08-06;;default;26368.0;3136.0;0.0;0.0
1747407540;1747407600;272302.0;1505.0;20.0;proj_mKjQoSwpHx76Y2vd3oO5aZBF;user-qEXLZmM0Qs9E3TotrIk6rXL1;key_CCBlHVPJrketwBV2;gpt-4o-mini-2024-07-18;;default;263424.0;8878.0;0.0;0.0
1747407600;1747407660;270619.0;1673.0;27.0;proj_mKjQoSwpHx76Y2vd3oO5aZBF;user-qEXLZmM0Qs9E3TotrIk6rXL1;key_CCBlHVPJrketwBV2;gpt-4o-mini-2024-07-18;;default;256128.0;14491.0;0.0;0.0
1747407600;1747407660;33665.0;16.0;8.0;proj_mKjQoSwpHx76Y2vd3oO5aZBF;user-qEXLZmM0Qs9E3TotrIk6rXL1;key_CCBlHVPJrketwBV2;gpt-4o-2024-08-06;;default;30464.0;3201.0;0.0;0.0
1747407660;1747407720;9137.0;173.0;12.0;proj_mKjQoSwpHx76Y2vd3oO5aZBF;user-qEXLZmM0Qs9E3TotrIk6rXL1;key_CCBlHVPJrketwBV2;gpt-4o-2024-08-06;;default;2432.0;6705.0;0.0;0.0
1747407660;1747407720;52281.0;1855.0;26.0;proj_mKjQoSwpHx76Y2vd3oO5aZBF;user-qEXLZmM0Qs9E3TotrIk6rXL1;key_CCBlHVPJrketwBV2;gpt-4o-mini-2024-07-18;;default;34432.0;17849.0;0.0;0.0
1747407720;1747407780;121656.0;1829.0;25.0;proj_mKjQoSwpHx76Y2vd3oO5aZBF;user-qEXLZmM0Qs9E3TotrIk6rXL1;key_CCBlHVPJrketwBV2;gpt-4o-mini-2024-07-18;;default;101760.0;19896.0;0.0;0.0
1747407720;1747407780;11863.0;112.0;9.0;proj_mKjQoSwpHx76Y2vd3oO5aZBF;user-qEXLZmM0Qs9E3TotrIk6rXL1;key_CCBlHVPJrketwBV2;gpt-4o-2024-08-06;;default;8192.0;3671.0;0.0;0.0
1747407780;1747407840;16190.0;105.0;9.0;proj_mKjQoSwpHx76Y2vd3oO5aZBF;user-qEXLZmM0Qs9E3TotrIk6rXL1;key_CCBlHVPJrketwBV2;gpt-4o-2024-08-06;;default;6784.0;9406.0;0.0;0.0
1747407780;1747407840;171426.0;1511.0;23.0;proj_mKjQoSwpHx76Y2vd3oO5aZBF;user-qEXLZmM0Qs9E3TotrIk6rXL1;key_CCBlHVPJrketwBV2;gpt-4o-mini-2024-07-18;;default;154240.0;17186.0;0.0;0.0
1747407840;1747407900;31541.0;158.0;9.0;proj_mKjQoSwpHx76Y2vd3oO5aZBF;user-qEXLZmM0Qs9E3TotrIk6rXL1;key_CCBlHVPJrketwBV2;gpt-4o-2024-08-06;;default;18048.0;13493.0;0.0;0.0
1747407840;1747407900;195672.0;1424.0;20.0;proj_mKjQoSwpHx76Y2vd3oO5aZBF;user-qEXLZmM0Qs9E3TotrIk6rXL1;key_CCBlHVPJrketwBV2;gpt-4o-mini-2024-07-18;;default;175744.0;19928.0;0.0;0.0
1747407900;1747407960;13261.0;60.0;6.0;proj_mKjQoSwpHx76Y2vd3oO5aZBF;user-qEXLZmM0Qs9E3TotrIk6rXL1;key_CCBlHVPJrketwBV2;gpt-4o-2024-08-06;;default;11136.0;2125.0;0.0;0.0
1747407900;1747407960;239192.0;1424.0;20.0;proj_mKjQoSwpHx76Y2vd3oO5aZBF;user-qEXLZmM0Qs9E3TotrIk6rXL1;key_CCBlHVPJrketwBV2;gpt-4o-mini-2024-07-18;;default;227712.0;11480.0;0.0;0.0
1747407960;1747408020;282712.0;1424.0;20.0;proj_mKjQoSwpHx76Y2vd3oO5aZBF;user-qEXLZmM0Qs9E3TotrIk6rXL1;key_CCBlHVPJrketwBV2;gpt-4o-mini-2024-07-18;;default;273280.0;9432.0;0.0;0.0
1747407960;1747408020;44783.0;161.0;10.0;proj_mKjQoSwpHx76Y2vd3oO5aZBF;user-qEXLZmM0Qs9E3TotrIk6rXL1;key_CCBlHVPJrketwBV2;gpt-4o-2024-08-06;;default;40064.0;4719.0;0.0;0.0
1747408020;1747408080;168198.0;1583.0;22.0;proj_mKjQoSwpHx76Y2vd3oO5aZBF;user-qEXLZmM0Qs9E3TotrIk6rXL1;key_CCBlHVPJrketwBV2;gpt-4o-mini-2024-07-18;;default;153088.0;15110.0;0.0;0.0
1747408020;1747408080;19080.0;118.0;8.0;proj_mKjQoSwpHx76Y2vd3oO5aZBF;user-qEXLZmM0Qs9E3TotrIk6rXL1;key_CCBlHVPJrketwBV2;gpt-4o-2024-08-06;;default;15488.0;3592.0;0.0;0.0
1747408080;1747408140;84301.0;1939.0;27.0;proj_mKjQoSwpHx76Y2vd3oO5aZBF;user-qEXLZmM0Qs9E3TotrIk6rXL1;key_CCBlHVPJrketwBV2;gpt-4o-mini-2024-07-18;;default;61824.0;22477.0;0.0;0.0
1747408080;1747408140;12625.0;201.0;12.0;proj_mKjQoSwpHx76Y2vd3oO5aZBF;user-qEXLZmM0Qs9E3TotrIk6rXL1;key_CCBlHVPJrketwBV2;gpt-4o-2024-08-06;;default;6016.0;6609.0;0.0;0.0
1747408140;1747408200;14066.0;18.0;8.0;proj_mKjQoSwpHx76Y2vd3oO5aZBF;user-qEXLZmM0Qs9E3TotrIk6rXL1;key_CCBlHVPJrketwBV2;gpt-4o-2024-08-06;;default;5888.0;8178.0;0.0;0.0
1747408140;1747408200;137389.0;1876.0;23.0;proj_mKjQoSwpHx76Y2vd3oO5aZBF;user-qEXLZmM0Qs9E3TotrIk6rXL1;key_CCBlHVPJrketwBV2;gpt-4o-mini-2024-07-18;;default;127360.0;10029.0;0.0;0.0
1747408200;1747408260;17944.0;74.0;8.0;proj_mKjQoSwpHx76Y2vd3oO5aZBF;user-qEXLZmM0Qs9E3TotrIk6rXL1;key_CCBlHVPJrketwBV2;gpt-4o-2024-08-06;;default;14976.0;2968.0;0.0;0.0
1747408200;1747408260;110870.0;859.0;14.0;proj_mKjQoSwpHx76Y2vd3oO5aZBF;user-qEXLZmM0Qs9E3TotrIk6rXL1;key_CCBlHVPJrketwBV2;gpt-4o-mini-2024-07-18;;default;93568.0;17302.0;0.0;0.0
1747408260;1747408320;10316.0;9.0;4.0;proj_mKjQoSwpHx76Y2vd3oO5aZBF;user-qEXLZmM0Qs9E3TotrIk6rXL1;key_CCBlHVPJrketwBV2;gpt-4o-2024-08-06;;default;4736.0;5580.0;0.0;0.0
1747408260;1747408320;73517.0;334.0;8.0;proj_mKjQoSwpHx76Y2vd3oO5aZBF;user-qEXLZmM0Qs9E3TotrIk6rXL1;key_CCBlHVPJrketwBV2;gpt-4o-mini-2024-07-18;;default;68480.0;5037.0;0.0;0.0
1747408320;1747408380;11072.0;9.0;4.0;proj_mKjQoSwpHx76Y2vd3oO5aZBF;user-qEXLZmM0Qs9E3TotrIk6rXL1;key_CCBlHVPJrketwBV2;gpt-4o-2024-08-06;;default;9728.0;1344.0;0.0;0.0
1747408320;1747408380;120368.0;827.0;12.0;proj_mKjQoSwpHx76Y2vd3oO5aZBF;user-qEXLZmM0Qs9E3TotrIk6rXL1;key_CCBlHVPJrketwBV2;gpt-4o-mini-2024-07-18;;default;117760.0;2608.0;0.0;0.0
1747408380;1747408440;25216.0;77.0;8.0;proj_mKjQoSwpHx76Y2vd3oO5aZBF;user-qEXLZmM0Qs9E3TotrIk6rXL1;key_CCBlHVPJrketwBV2;gpt-4o-2024-08-06;;default;21888.0;3328.0;0.0;0.0
1747408380;1747408440;246872.0;1534.0;21.0;proj_mKjQoSwpHx76Y2vd3oO5aZBF;user-qEXLZmM0Qs9E3TotrIk6rXL1;key_CCBlHVPJrketwBV2;gpt-4o-mini-2024-07-18;;default;231936.0;14936.0;0.0;0.0
1747408440;1747408500;310798.0;1250.0;22.0;proj_mKjQoSwpHx76Y2vd3oO5aZBF;user-qEXLZmM0Qs9E3TotrIk6rXL1;key_CCBlHVPJrketwBV2;gpt-4o-mini-2024-07-18;;default;294912.0;15886.0;0.0;0.0
1747408440;1747408500;29941.0;78.0;9.0;proj_mKjQoSwpHx76Y2vd3oO5aZBF;user-qEXLZmM0Qs9E3TotrIk6rXL1;key_CCBlHVPJrketwBV2;gpt-4o-2024-08-06;;default;22272.0;7669.0;0.0;0.0
1747408500;1747408560;18394.0;219.0;8.0;proj_mKjQoSwpHx76Y2vd3oO5aZBF;user-qEXLZmM0Qs9E3TotrIk6rXL1;key_CCBlHVPJrketwBV2;gpt-4o-2024-08-06;;default;0.0;18394.0;0.0;0.0
1747408500;1747408560;16156.0;814.0;15.0;proj_mKjQoSwpHx76Y2vd3oO5aZBF;user-qEXLZmM0Qs9E3TotrIk6rXL1;key_CCBlHVPJrketwBV2;gpt-4o-mini-2024-07-18;;default;7552.0;8604.0;0.0;0.0
1747408560;1747408620;;;;;;;;;;;;;
1747408620;1747408680;;;;;;;;;;;;;
1747408680;1747408740;;;;;;;;;;;;;
1747408740;1747408800;;;;;;;;;;;;;
1747408800;1747408860;;;;;;;;;;;;;
1747408860;1747408920;;;;;;;;;;;;;
1747408920;1747408980;;;;;;;;;;;;;
1747408980;1747409040;;;;;;;;;;;;;
1747409040;1747409100;;;;;;;;;;;;;
1747409100;1747409160;;;;;;;;;;;;;
1747409160;1747409220;;;;;;;;;;;;;
1747409220;1747409280;;;;;;;;;;;;;
1747409280;1747409340;;;;;;;;;;;;;
1747409340;1747409400;;;;;;;;;;;;;
1747409400;1747409460;;;;;;;;;;;;;
1747409460;1747409520;;;;;;;;;;;;;
1747409520;1747409580;;;;;;;;;;;;;
1747409580;1747409640;;;;;;;;;;;;;
1747409640;1747409700;;;;;;;;;;;;;
1747409700;1747409760;;;;;;;;;;;;;
1747409760;1747409820;;;;;;;;;;;;;
1747409820;1747409880;;;;;;;;;;;;;
1747409880;1747409940;;;;;;;;;;;;;
1747409940;1747410000;;;;;;;;;;;;;
1747410000;1747410060;;;;;;;;;;;;;
1747410060;1747410120;;;;;;;;;;;;;
1747410120;1747410180;;;;;;;;;;;;;
1747410180;1747410240;;;;;;;;;;;;;
1747410240;1747410300;;;;;;;;;;;;;
1747410300;1747410360;;;;;;;;;;;;;
1747410360;1747410420;;;;;;;;;;;;;
1747410420;1747410480;;;;;;;;;;;;;
1747410480;1747410540;;;;;;;;;;;;;
1747410540;1747410600;;;;;;;;;;;;;
1747410600;1747410660;;;;;;;;;;;;;
1747410660;1747410720;;;;;;;;;;;;;
1747410720;1747410780;;;;;;;;;;;;;
1747410780;1747410840;;;;;;;;;;;;;
1747410840;1747410900;;;;;;;;;;;;;
1747410900;1747410960;;;;;;;;;;;;;
1747410960;1747411020;;;;;;;;;;;;;
1747411020;1747411080;;;;;;;;;;;;;
1747411080;1747411140;;;;;;;;;;;;;
1747411140;1747411200;;;;;;;;;;;;;
1747411200;1747411260;;;;;;;;;;;;;
1747411260;1747411320;;;;;;;;;;;;;
1747411320;1747411380;;;;;;;;;;;;;
1747411380;1747411440;;;;;;;;;;;;;
1747411440;1747411500;;;;;;;;;;;;;
1747411500;1747411560;;;;;;;;;;;;;
1747411560;1747411620;;;;;;;;;;;;;
1747411620;1747411680;;;;;;;;;;;;;
1747411680;1747411740;;;;;;;;;;;;;
1747411740;1747411800;;;;;;;;;;;;;
1747411800;1747411860;;;;;;;;;;;;;
1747411860;1747411920;;;;;;;;;;;;;
1747411920;1747411980;;;;;;;;;;;;;
1747411980;1747412040;;;;;;;;;;;;;
1747412040;1747412100;;;;;;;;;;;;;
1747412100;1747412160;;;;;;;;;;;;;
1747412160;1747412220;;;;;;;;;;;;;
1747412220;1747412280;;;;;;;;;;;;;
1747412280;1747412340;;;;;;;;;;;;;
1747412340;1747412400;;;;;;;;;;;;;
1747412400;1747412460;;;;;;;;;;;;;
1747412460;1747412520;;;;;;;;;;;;;
1747412520;1747412580;;;;;;;;;;;;;
1747412580;1747412640;;;;;;;;;;;;;
1747412640;1747412700;;;;;;;;;;;;;
1747412700;1747412760;;;;;;;;;;;;;
1747412760;1747412820;;;;;;;;;;;;;
1747412820;1747412880;;;;;;;;;;;;;
1747412880;1747412940;;;;;;;;;;;;;
1747412940;1747413000;;;;;;;;;;;;;
1747413000;1747413060;;;;;;;;;;;;;
1747413060;1747413120;;;;;;;;;;;;;
1747413120;1747413180;;;;;;;;;;;;;
1747413180;1747413240;;;;;;;;;;;;;
1747413240;1747413300;;;;;;;;;;;;;
1747413300;1747413360;;;;;;;;;;;;;
1747413360;1747413420;;;;;;;;;;;;;
1747413420;1747413480;;;;;;;;;;;;;
1747413480;1747413540;;;;;;;;;;;;;
1747413540;1747413600;;;;;;;;;;;;;
1747413600;1747413660;;;;;;;;;;;;;
1747413660;1747413720;;;;;;;;;;;;;
1747413720;1747413780;;;;;;;;;;;;;
1747413780;1747413840;;;;;;;;;;;;;
1747413840;1747413900;;;;;;;;;;;;;
1747413900;1747413960;;;;;;;;;;;;;
1747413960;1747414020;;;;;;;;;;;;;
1747414020;1747414080;;;;;;;;;;;;;
1747414080;1747414140;;;;;;;;;;;;;
1747414140;1747414200;;;;;;;;;;;;;
1747414200;1747414260;;;;;;;;;;;;;
1747414260;1747414320;;;;;;;;;;;;;
1747414320;1747414380;;;;;;;;;;;;;
1747414380;1747414440;;;;;;;;;;;;;
1747414440;1747414500;;;;;;;;;;;;;
1747414500;1747414560;;;;;;;;;;;;;
1747414560;1747414620;;;;;;;;;;;;;
1747414620;1747414680;;;;;;;;;;;;;
1747414680;1747414740;;;;;;;;;;;;;
1747414740;1747414800;;;;;;;;;;;;;
1747414800;1747414860;;;;;;;;;;;;;
1747414860;1747414920;;;;;;;;;;;;;
1747414920;1747414980;;;;;;;;;;;;;
1747414980;1747415040;;;;;;;;;;;;;
1747415040;1747415100;;;;;;;;;;;;;
1747415100;1747415160;;;;;;;;;;;;;
1747415160;1747415220;;;;;;;;;;;;;
1747415220;1747415280;;;;;;;;;;;;;
1747415280;1747415340;;;;;;;;;;;;;
1747415340;1747415400;;;;;;;;;;;;;
1747415400;1747415460;;;;;;;;;;;;;
1747415460;1747415520;;;;;;;;;;;;;
1747415520;1747415580;;;;;;;;;;;;;
1747415580;1747415640;;;;;;;;;;;;;
1747415640;1747415700;;;;;;;;;;;;;
1747415700;1747415760;;;;;;;;;;;;;
1747415760;1747415820;;;;;;;;;;;;;
1747415820;1747415880;;;;;;;;;;;;;
1747415880;1747415940;;;;;;;;;;;;;
1747415940;1747416000;;;;;;;;;;;;;
1747416000;1747416060;;;;;;;;;;;;;
1747416060;1747416120;;;;;;;;;;;;;
1747416120;1747416180;;;;;;;;;;;;;
1747416180;1747416240;;;;;;;;;;;;;
1747416240;1747416300;;;;;;;;;;;;;
1747416300;1747416360;;;;;;;;;;;;;
1747416360;1747416420;;;;;;;;;;;;;
1747416420;1747416480;;;;;;;;;;;;;
1747416480;1747416540;;;;;;;;;;;;;
1747416540;1747416600;;;;;;;;;;;;;
1747416600;1747416660;;;;;;;;;;;;;
1747416660;1747416720;;;;;;;;;;;;;
1747416720;1747416780;;;;;;;;;;;;;
1747416780;1747416840;;;;;;;;;;;;;
1747416840;1747416900;;;;;;;;;;;;;
1747416900;1747416960;;;;;;;;;;;;;
1747416960;1747417020;;;;;;;;;;;;;
1747417020;1747417080;;;;;;;;;;;;;
1747417080;1747417140;;;;;;;;;;;;;
1747417140;1747417200;;;;;;;;;;;;;
1747417200;1747417260;;;;;;;;;;;;;
1747417260;1747417320;;;;;;;;;;;;;
1747417320;1747417380;;;;;;;;;;;;;
1747417380;1747417440;;;;;;;;;;;;;
1747417440;1747417500;;;;;;;;;;;;;
1747417500;1747417560;;;;;;;;;;;;;
1747417560;1747417620;;;;;;;;;;;;;
1747417620;1747417680;;;;;;;;;;;;;
1747417680;1747417740;;;;;;;;;;;;;
1747417740;1747417800;;;;;;;;;;;;;
1747417800;1747417860;;;;;;;;;;;;;
1747417860;1747417920;;;;;;;;;;;;;
1747417920;1747417980;;;;;;;;;;;;;
1747417980;1747418040;;;;;;;;;;;;;
1747418040;1747418100;;;;;;;;;;;;;
1747418100;1747418160;;;;;;;;;;;;;
1747418160;1747418220;;;;;;;;;;;;;
1747418220;1747418280;;;;;;;;;;;;;
1747418280;1747418340;;;;;;;;;;;;;
1747418340;1747418400;;;;;;;;;;;;;
1747418400;1747418460;;;;;;;;;;;;;
1747418460;1747418520;;;;;;;;;;;;;
1747418520;1747418580;;;;;;;;;;;;;
1747418580;1747418640;;;;;;;;;;;;;
1747418640;1747418700;;;;;;;;;;;;;
1747418700;1747418760;;;;;;;;;;;;;
1747418760;1747418820;;;;;;;;;;;;;
1747418820;1747418880;;;;;;;;;;;;;
1747418880;1747418940;;;;;;;;;;;;;
1747418940;1747419000;;;;;;;;;;;;;
1747419000;1747419060;;;;;;;;;;;;;
1747419060;1747419120;;;;;;;;;;;;;
1747419120;1747419180;;;;;;;;;;;;;
1747419180;1747419240;;;;;;;;;;;;;
1747419240;1747419300;;;;;;;;;;;;;
1747419300;1747419360;;;;;;;;;;;;;
1747419360;1747419420;;;;;;;;;;;;;
1747419420;1747419480;;;;;;;;;;;;;
1747419480;1747419540;;;;;;;;;;;;;
1747419540;1747419600;;;;;;;;;;;;;
1747419600;1747419660;;;;;;;;;;;;;
1747419660;1747419720;;;;;;;;;;;;;
1747419720;1747419780;;;;;;;;;;;;;
1747419780;1747419840;;;;;;;;;;;;;
1747419840;1747419900;;;;;;;;;;;;;
1747419900;1747419960;;;;;;;;;;;;;
1747419960;1747420020;;;;;;;;;;;;;
1747420020;1747420080;;;;;;;;;;;;;
1747420080;1747420140;;;;;;;;;;;;;
1747420140;1747420200;;;;;;;;;;;;;
1747420200;1747420260;;;;;;;;;;;;;
1747420260;1747420320;;;;;;;;;;;;;
1747420320;1747420380;;;;;;;;;;;;;
1747420380;1747420440;;;;;;;;;;;;;
1747420440;1747420500;;;;;;;;;;;;;
1747420500;1747420560;;;;;;;;;;;;;
1747420560;1747420620;;;;;;;;;;;;;
1747420620;1747420680;;;;;;;;;;;;;
1747420680;1747420740;;;;;;;;;;;;;
1747420740;1747420800;;;;;;;;;;;;;
1747420800;1747420860;;;;;;;;;;;;;
1747420860;1747420920;;;;;;;;;;;;;
1747420920;1747420980;;;;;;;;;;;;;
1747420980;1747421040;;;;;;;;;;;;;
1747421040;1747421100;;;;;;;;;;;;;
1747421100;1747421160;;;;;;;;;;;;;
1747421160;1747421220;;;;;;;;;;;;;
1747421220;1747421280;;;;;;;;;;;;;
1747421280;1747421340;;;;;;;;;;;;;
1747421340;1747421400;;;;;;;;;;;;;
1747421400;1747421460;;;;;;;;;;;;;
1747421460;1747421520;;;;;;;;;;;;;
1747421520;1747421580;;;;;;;;;;;;;
1747421580;1747421640;;;;;;;;;;;;;
1747421640;1747421700;;;;;;;;;;;;;
1747421700;1747421760;;;;;;;;;;;;;
1747421760;1747421820;;;;;;;;;;;;;
1747421820;1747421880;;;;;;;;;;;;;
1747421880;1747421940;;;;;;;;;;;;;
1747421940;1747422000;;;;;;;;;;;;;
1747422000;1747422060;;;;;;;;;;;;;
1747422060;1747422120;;;;;;;;;;;;;
1747422120;1747422180;;;;;;;;;;;;;
1747422180;1747422240;;;;;;;;;;;;;
1747422240;1747422300;;;;;;;;;;;;;
1747422300;1747422360;;;;;;;;;;;;;
1747422360;1747422420;;;;;;;;;;;;;
1747422420;1747422480;;;;;;;;;;;;;
1747422480;1747422540;;;;;;;;;;;;;
1747422540;1747422600;;;;;;;;;;;;;
1747422600;1747422660;;;;;;;;;;;;;
1747422660;1747422720;;;;;;;;;;;;;
1747422720;1747422780;;;;;;;;;;;;;
1747422780;1747422840;;;;;;;;;;;;;
1747422840;1747422900;;;;;;;;;;;;;
1747422900;1747422960;;;;;;;;;;;;;
1747422960;1747423020;;;;;;;;;;;;;
1747423020;1747423080;;;;;;;;;;;;;
1747423080;1747423140;;;;;;;;;;;;;
1747423140;1747423200;;;;;;;;;;;;;
1747423200;1747423260;;;;;;;;;;;;;
1747423260;1747423320;;;;;;;;;;;;;
1747423320;1747423380;;;;;;;;;;;;;
1747423380;1747423440;;;;;;;;;;;;;
1747423440;1747423500;;;;;;;;;;;;;
1747423500;1747423560;;;;;;;;;;;;;
1747423560;1747423620;;;;;;;;;;;;;
1747423620;1747423680;;;;;;;;;;;;;
1747423680;1747423740;;;;;;;;;;;;;
1747423740;1747423800;;;;;;;;;;;;;
1747423800;1747423860;;;;;;;;;;;;;
1747423860;1747423920;;;;;;;;;;;;;
1747423920;1747423980;;;;;;;;;;;;;
1747423980;1747424040;;;;;;;;;;;;;
1747424040;1747424100;;;;;;;;;;;;;
1747424100;1747424160;;;;;;;;;;;;;
1747424160;1747424220;;;;;;;;;;;;;
1747424220;1747424280;;;;;;;;;;;;;
1747424280;1747424340;;;;;;;;;;;;;
1747424340;1747424400;;;;;;;;;;;;;
1747424400;1747424460;;;;;;;;;;;;;
1747424460;1747424520;;;;;;;;;;;;;
1747424520;1747424580;;;;;;;;;;;;;
1747424580;1747424640;;;;;;;;;;;;;
1747424640;1747424700;;;;;;;;;;;;;
1747424700;1747424760;;;;;;;;;;;;;
1747424760;1747424820;;;;;;;;;;;;;
1747424820;1747424880;;;;;;;;;;;;;
1747424880;1747424940;;;;;;;;;;;;;
1747424940;1747425000;;;;;;;;;;;;;
1747425000;1747425060;;;;;;;;;;;;;
1747425060;1747425120;;;;;;;;;;;;;
1747425120;1747425180;;;;;;;;;;;;;
1747425180;1747425240;;;;;;;;;;;;;
1747425240;1747425300;;;;;;;;;;;;;
1747425300;1747425360;;;;;;;;;;;;;
1747425360;1747425420;;;;;;;;;;;;;
1747425420;1747425480;;;;;;;;;;;;;
1747425480;1747425540;;;;;;;;;;;;;
1747425540;1747425600;;;;;;;;;;;;;
1747425600;1747425660;;;;;;;;;;;;;
1747425660;1747425720;;;;;;;;;;;;;
1747425720;1747425780;;;;;;;;;;;;;
1747425780;1747425840;;;;;;;;;;;;;
1747425840;1747425900;;;;;;;;;;;;;
1747425900;1747425960;;;;;;;;;;;;;
1747425960;1747426020;;;;;;;;;;;;;
1747426020;1747426080;;;;;;;;;;;;;
1747426080;1747426140;;;;;;;;;;;;;
1747426140;1747426200;;;;;;;;;;;;;
1747426200;1747426260;;;;;;;;;;;;;
1747426260;1747426320;;;;;;;;;;;;;
1747426320;1747426380;;;;;;;;;;;;;
1747426380;1747426440;;;;;;;;;;;;;
1747426440;1747426500;;;;;;;;;;;;;
1747426500;1747426560;;;;;;;;;;;;;
1747426560;1747426620;;;;;;;;;;;;;
1747426620;1747426680;;;;;;;;;;;;;
1747426680;1747426740;;;;;;;;;;;;;
1747426740;1747426800;;;;;;;;;;;;;
1747426800;1747426860;;;;;;;;;;;;;
1747426860;1747426920;;;;;;;;;;;;;
1747426920;1747426980;;;;;;;;;;;;;
1747426980;1747427040;;;;;;;;;;;;;
1747427040;1747427100;;;;;;;;;;;;;
1747427100;1747427160;;;;;;;;;;;;;
1747427160;1747427220;;;;;;;;;;;;;
1747427220;1747427280;;;;;;;;;;;;;
1747427280;1747427340;;;;;;;;;;;;;
1747427340;1747427400;;;;;;;;;;;;;
1747427400;1747427460;;;;;;;;;;;;;
1747427460;1747427520;;;;;;;;;;;;;
1747427520;1747427580;;;;;;;;;;;;;
1747427580;1747427640;;;;;;;;;;;;;
1747427640;1747427700;;;;;;;;;;;;;
1747427700;1747427760;;;;;;;;;;;;;
1747427760;1747427820;;;;;;;;;;;;;
1747427820;1747427880;;;;;;;;;;;;;
1747427880;1747427940;;;;;;;;;;;;;
1747427940;1747428000;;;;;;;;;;;;;
1747428000;1747428060;;;;;;;;;;;;;
1747428060;1747428120;;;;;;;;;;;;;
1747428120;1747428180;;;;;;;;;;;;;
1747428180;1747428240;;;;;;;;;;;;;
1747428240;1747428300;;;;;;;;;;;;;
1747428300;1747428360;;;;;;;;;;;;;
1747428360;1747428420;;;;;;;;;;;;;
1747428420;1747428480;;;;;;;;;;;;;
1747428480;1747428540;;;;;;;;;;;;;
1747428540;1747428600;;;;;;;;;;;;;
1747428600;1747428660;;;;;;;;;;;;;
1747428660;1747428720;;;;;;;;;;;;;
1747428720;1747428780;;;;;;;;;;;;;
1747428780;1747428840;;;;;;;;;;;;;
1747428840;1747428900;;;;;;;;;;;;;
1747428900;1747428960;;;;;;;;;;;;;
1747428960;1747429020;;;;;;;;;;;;;
1747429020;1747429080;;;;;;;;;;;;;
1747429080;1747429140;;;;;;;;;;;;;
1747429140;1747429200;;;;;;;;;;;;;
1747429200;1747429260;;;;;;;;;;;;;
1747429260;1747429320;;;;;;;;;;;;;
1747429320;1747429380;;;;;;;;;;;;;
1747429380;1747429440;;;;;;;;;;;;;
1747429440;1747429500;;;;;;;;;;;;;
1747429500;1747429560;;;;;;;;;;;;;
1747429560;1747429620;;;;;;;;;;;;;
1747429620;1747429680;;;;;;;;;;;;;
1747429680;1747429740;;;;;;;;;;;;;
1747429740;1747429800;;;;;;;;;;;;;
1747429800;1747429860;;;;;;;;;;;;;
1747429860;1747429920;;;;;;;;;;;;;
1747429920;1747429980;;;;;;;;;;;;;
1747429980;1747430040;;;;;;;;;;;;;
1747430040;1747430100;;;;;;;;;;;;;
1747430100;1747430160;;;;;;;;;;;;;
1747430160;1747430220;;;;;;;;;;;;;
1747430220;1747430280;;;;;;;;;;;;;
1747430280;1747430340;;;;;;;;;;;;;
1747430340;1747430400;;;;;;;;;;;;;
1747430400;1747430460;;;;;;;;;;;;;
1747430460;1747430520;;;;;;;;;;;;;
1747430520;1747430580;;;;;;;;;;;;;
1747430580;1747430640;;;;;;;;;;;;;
1747430640;1747430700;;;;;;;;;;;;;
1747430700;1747430760;;;;;;;;;;;;;
1747430760;1747430820;;;;;;;;;;;;;
1747430820;1747430880;;;;;;;;;;;;;
1747430880;1747430940;;;;;;;;;;;;;
1747430940;1747431000;;;;;;;;;;;;;
1747431000;1747431060;;;;;;;;;;;;;
1747431060;1747431120;;;;;;;;;;;;;
1747431120;1747431180;;;;;;;;;;;;;
1747431180;1747431240;;;;;;;;;;;;;
1747431240;1747431300;;;;;;;;;;;;;
1747431300;1747431360;;;;;;;;;;;;;
1747431360;1747431420;;;;;;;;;;;;;
1747431420;1747431480;;;;;;;;;;;;;
1747431480;1747431540;;;;;;;;;;;;;
1747431540;1747431600;;;;;;;;;;;;;
1747431600;1747431660;;;;;;;;;;;;;
1747431660;1747431720;;;;;;;;;;;;;
1747431720;1747431780;;;;;;;;;;;;;
1747431780;1747431840;;;;;;;;;;;;;
1747431840;1747431900;;;;;;;;;;;;;
1747431900;1747431960;;;;;;;;;;;;;
1747431960;1747432020;;;;;;;;;;;;;
1747432020;1747432080;;;;;;;;;;;;;
1747432080;1747432140;;;;;;;;;;;;;
1747432140;1747432200;;;;;;;;;;;;;
1747432200;1747432260;;;;;;;;;;;;;
1747432260;1747432320;;;;;;;;;;;;;
1747432320;1747432380;;;;;;;;;;;;;
1747432380;1747432440;;;;;;;;;;;;;
1747432440;1747432500;;;;;;;;;;;;;
1747432500;1747432560;;;;;;;;;;;;;
1747432560;1747432620;;;;;;;;;;;;;
1747432620;1747432680;;;;;;;;;;;;;
1747432680;1747432740;;;;;;;;;;;;;
1747432740;1747432800;;;;;;;;;;;;;
1747432800;1747432860;;;;;;;;;;;;;
1747432860;1747432920;;;;;;;;;;;;;
1747432920;1747432980;;;;;;;;;;;;;
1747432980;1747433040;;;;;;;;;;;;;
1747433040;1747433100;;;;;;;;;;;;;
1747433100;1747433160;;;;;;;;;;;;;
1747433160;1747433220;;;;;;;;;;;;;
1747433220;1747433280;;;;;;;;;;;;;
1747433280;1747433340;;;;;;;;;;;;;
1747433340;1747433400;;;;;;;;;;;;;
1747433400;1747433460;;;;;;;;;;;;;
1747433460;1747433520;;;;;;;;;;;;;
1747433520;1747433580;;;;;;;;;;;;;
1747433580;1747433640;;;;;;;;;;;;;
1747433640;1747433700;;;;;;;;;;;;;
1747433700;1747433760;;;;;;;;;;;;;
1747433760;1747433820;;;;;;;;;;;;;
1747433820;1747433880;;;;;;;;;;;;;
1747433880;1747433940;;;;;;;;;;;;;
1747433940;1747434000;;;;;;;;;;;;;
1747434000;1747434060;;;;;;;;;;;;;
1747434060;1747434120;;;;;;;;;;;;;
1747434120;1747434180;;;;;;;;;;;;;
1747434180;1747434240;;;;;;;;;;;;;
1747434240;1747434300;;;;;;;;;;;;;
1747434300;1747434360;;;;;;;;;;;;;
1747434360;1747434420;;;;;;;;;;;;;
1747434420;1747434480;;;;;;;;;;;;;
1747434480;1747434540;;;;;;;;;;;;;
1747434540;1747434600;;;;;;;;;;;;;
1747434600;1747434660;;;;;;;;;;;;;
1747434660;1747434720;;;;;;;;;;;;;
1747434720;1747434780;;;;;;;;;;;;;
1747434780;1747434840;;;;;;;;;;;;;
1747434840;1747434900;;;;;;;;;;;;;
1747434900;1747434960;;;;;;;;;;;;;
1747434960;1747435020;;;;;;;;;;;;;
1747435020;1747435080;;;;;;;;;;;;;
1747435080;1747435140;;;;;;;;;;;;;
1747435140;1747435200;;;;;;;;;;;;;
1747435200;1747435260;;;;;;;;;;;;;
1747435260;1747435320;;;;;;;;;;;;;
1747435320;1747435380;;;;;;;;;;;;;
1747435380;1747435440;;;;;;;;;;;;;
1747435440;1747435500;;;;;;;;;;;;;
1747435500;1747435560;;;;;;;;;;;;;
1747435560;1747435620;;;;;;;;;;;;;
1747435620;1747435680;;;;;;;;;;;;;
1747435680;1747435740;;;;;;;;;;;;;
1747435740;1747435800;;;;;;;;;;;;;
1747435800;1747435860;;;;;;;;;;;;;
1747435860;1747435920;;;;;;;;;;;;;
1747435920;1747435980;;;;;;;;;;;;;
1747435980;1747436040;;;;;;;;;;;;;
1747436040;1747436100;;;;;;;;;;;;;
1747436100;1747436160;;;;;;;;;;;;;
1747436160;1747436220;;;;;;;;;;;;;
1747436220;1747436280;;;;;;;;;;;;;
1747436280;1747436340;;;;;;;;;;;;;
1747436340;1747436400;;;;;;;;;;;;;
1747436400;1747436460;;;;;;;;;;;;;
1747436460;1747436520;;;;;;;;;;;;;
1747436520;1747436580;;;;;;;;;;;;;
1747436580;1747436640;;;;;;;;;;;;;
1747436640;1747436700;;;;;;;;;;;;;
1747436700;1747436760;;;;;;;;;;;;;
1747436760;1747436820;;;;;;;;;;;;;
1747436820;1747436880;;;;;;;;;;;;;
1747436880;1747436940;;;;;;;;;;;;;
1747436940;1747437000;;;;;;;;;;;;;
1747437000;1747437060;;;;;;;;;;;;;
1747437060;1747437120;;;;;;;;;;;;;
1747437120;1747437180;;;;;;;;;;;;;
1747437180;1747437240;;;;;;;;;;;;;
1747437240;1747437300;;;;;;;;;;;;;
1747437300;1747437360;;;;;;;;;;;;;
1747437360;1747437420;;;;;;;;;;;;;
1747437420;1747437480;;;;;;;;;;;;;
1747437480;1747437540;;;;;;;;;;;;;
1747437540;1747437600;;;;;;;;;;;;;
1747437600;1747437660;;;;;;;;;;;;;
1747437660;1747437720;;;;;;;;;;;;;
1747437720;1747437780;;;;;;;;;;;;;
1747437780;1747437840;;;;;;;;;;;;;
1747437840;1747437900;;;;;;;;;;;;;
1747437900;1747437960;;;;;;;;;;;;;
1747437960;1747438020;;;;;;;;;;;;;
1747438020;1747438080;;;;;;;;;;;;;
1747438080;1747438140;;;;;;;;;;;;;
1747438140;1747438200;;;;;;;;;;;;;
1747438200;1747438260;;;;;;;;;;;;;
1747438260;1747438320;;;;;;;;;;;;;
1747438320;1747438380;;;;;;;;;;;;;
1747438380;1747438440;;;;;;;;;;;;;
1747438440;1747438500;;;;;;;;;;;;;
1747438500;1747438560;;;;;;;;;;;;;
1747438560;1747438620;;;;;;;;;;;;;
1747438620;1747438680;;;;;;;;;;;;;
1747438680;1747438740;;;;;;;;;;;;;
1747438740;1747438800;;;;;;;;;;;;;
1747438800;1747438860;;;;;;;;;;;;;
1747438860;1747438920;;;;;;;;;;;;;
1747438920;1747438980;;;;;;;;;;;;;
1747438980;1747439040;;;;;;;;;;;;;
1747439040;1747439100;;;;;;;;;;;;;
1747439100;1747439160;;;;;;;;;;;;;
1747439160;1747439220;;;;;;;;;;;;;
1747439220;1747439280;;;;;;;;;;;;;
1747439280;1747439340;;;;;;;;;;;;;
1747439340;1747439400;;;;;;;;;;;;;
1747439400;1747439460;;;;;;;;;;;;;
1747439460;1747439520;;;;;;;;;;;;;
1747439520;1747439580;;;;;;;;;;;;;
1747439580;1747439640;;;;;;;;;;;;;
1747439640;1747439700;;;;;;;;;;;;;
1747439700;1747439760;;;;;;;;;;;;;
1747439760;1747439820;;;;;;;;;;;;;
1747439820;1747439880;;;;;;;;;;;;;
1747439880;1747439940;;;;;;;;;;;;;
1747439940;1747439999;;;;;;;;;;;;;